render_count,average_contrast
6,37.151926639931574
8,36.97926264772326
12,36.83439382517003
